COUNTY_ID,DIST_ID,COUNTY_NAME,DISTRICT_NAME,2010_11_TOTAL,2011_12_TOTAL,2012_13_TOTAL,2013_14_TOTAL,2014_15_TOTAL,2015_16_TOTAL,DIFFERENCE
7,680,CAMDEN,CAMDEN CITY,13799,13723,12608,11660,11164,9294,-4505
29,5190,OCEAN,TOMS RIVER REGIONAL,16955,16777,16574.5,16133.5,15759,15731.5,-1223.5
15,5500,GLOUCESTER,WASHINGTON TWP,8427,8039,7935,7636,7435,7323,-1104
29,530,OCEAN,BRICK TWP,9961,9774,9586,9389.5,9144.5,8905,-1056
29,2360,OCEAN,JACKSON TWP,9584,9391.5,9134,8979.5,8746,8657.5,-926.5
21,1950,MERCER,HAMILTON TWP,12433.5,12308.5,12114,11968.5,11782.5,11529.5,-904
7,1780,CAMDEN,GLOUCESTER TWP,7258,7017,6929,6721,6488,6362,-896
25,1650,MONMOUTH,FREEHOLD REGIONAL,11865,11310,11446.5,11270.5,11133,10976,-889
25,3030,MONMOUTH,MARLBORO TWP,5737,4587,5367,5245,5092,5006,-731
13,1210,ESSEX,EAST ORANGE,9944,9709,9657.5,9460,9549.5,9218.5,-725.5
25,2290,MONMOUTH,HOWELL TWP,6641,6522,6365,6269,6123,5970,-671
31,5570,PASSAIC,WAYNE TWP,8679,8560,8381,8331.5,7973.5,8021,-658
25,3160,MONMOUTH,MIDDLETOWN TWP,10263,9934.5,9834.5,9733.5,9645,9628,-635
5,2610,BURLINGTON,LENAPE REGIONAL,7375,7215,7064,6976,6841,6756,-619
37,4960,SUSSEX,SPARTA TWP,3873,3693,3362,3232,3290.5,3274.5,-598.5
1,1790,ATLANTIC,GREATER EGG HARBOR REG,3856,3693,3633,3483,3312,3273,-583
29,2480,OCEAN,LACEY TWP,4688.5,4586.5,4510,4466,4289.5,4120,-568.5
1,590,ATLANTIC,BUENA REGIONAL,2420,2339,2181.5,2038.5,1830,1878,-542
5,5805,BURLINGTON,WILLINGBORO TWP,4201,4353,3952,3901,3747,3660,-541
35,1610,SOMERSET,FRANKLIN TWP,7865,7763,7653,7638,7512.5,7324.5,-540.5
37,5360,SUSSEX,VERNON TWP,3710,3806.5,3626,3502.5,3328,3180,-530
25,1660,MONMOUTH,FREEHOLD TWP,4350,4256,4135,4056,3906,3824,-526
37,2240,SUSSEX,HOPATCONG,2113,2020,1901.5,1750,1669,1588,-525
25,5420,MONMOUTH,WALL TWP,4098.5,3876.5,3785.5,3705,3622.5,3599,-499.5
27,4330,MORRIS,RANDOLPH TWP,5283.5,5179.5,5060.5,4918,4819,4788,-495.5
27,4560,MORRIS,ROXBURY TWP,4156.5,4008.5,3889.5,3730,3696.5,3669,-487.5
23,3845,MIDDLESEX,OLD BRIDGE TWP,9402.5,9193.5,9103.5,8894.5,8975,8919,-483.5
13,2330,ESSEX,IRVINGTON TOWNSHIP,7168,7046,6502,6684,6888,6688,-480
19,1510,HUNTERDON,FLEMINGTON-RARITAN REG,3625,3543,3504,3388,3339,3151,-474
1,1310,ATLANTIC,EGG HARBOR TWP,7863.5,7784.5,7711.5,7646.5,7566,7394,-469.5
11,3230,CUMBERLAND,MILLVILLE CITY,6104,5963.5,5881.5,5802.5,5712.5,5645.5,-458.5
27,3340,MORRIS,MONTVILLE TWP,4231,4127.5,4022.5,3974.5,3862.5,3773.5,-457.5
35,555,SOMERSET,BRIDGEWATER-RARITAN REG,8909,8747.5,8646,8553.5,8529,8452.5,-456.5
27,5520,MORRIS,WASHINGTON TWP,2648,2551,2470,2333,2272,2206,-442
7,4060,CAMDEN,PENNSAUKEN TWP,5489,5402,5237,5121,4923,5055,-434
23,1170,MIDDLESEX,EAST BRUNSWICK TWP,8517.5,8308,8218.5,8245,8147.5,8083.5,-434
31,5650,PASSAIC,WEST MILFORD TWP,3924,3782,3692,3655,3600,3491,-433
7,390,CAMDEN,BLACK HORSE PIKE REGIONAL,4130,4050,3998,3887,3786,3708,-422
7,5820,CAMDEN,WINSLOW TWP,5304,4931,4661,4931,4867,4884,-420
35,5470,SOMERSET,WARREN TWP,2189,2095,2015,1904,1839,1779,-410
3,2900,BERGEN,MAHWAH TWP,3366.5,3258.5,3221.5,3164,3052.5,2979.5,-387
5,3360,BURLINGTON,MOORESTOWN TWP,4258,4068,3998,3959,3924,3881,-377
37,5100,SUSSEX,SUSSEX-WANTAGE REGIONAL,1459,1362,1310,1224,1147,1086,-373
35,510,SOMERSET,BRANCHBURG TWP,1830,1707,1693,1636,1564,1469,-361
19,4350,HUNTERDON,READINGTON TWP,2027,1951,1848,1775,1744,1674,-353
29,2940,OCEAN,MANCHESTER TWP,3304,3149.5,3077,3030.5,2979.5,2967.5,-336.5
23,4860,MIDDLESEX,SOUTH BRUNSWICK TWP,9043,8997,8869,8804,8635.5,8710.5,-332.5
25,3200,MONMOUTH,MILLSTONE TWP,1528,1142,1349,1275,1188,1199,-329
35,3320,SOMERSET,MONTGOMERY TWP,5091,5043.5,4881.5,4786.5,4751,4763,-328
5,3080,BURLINGTON,MEDFORD TWP,3045,3019,2926,2803,2731,2718,-327
25,3810,MONMOUTH,OCEAN TWP,3985.5,3885,3797,3767.5,3723,3660,-325.5
27,3450,MORRIS,MOUNT OLIVE TWP,4876,4721.5,4586,4628,4670.5,4568,-308
29,4190,OCEAN,PLUMSTED TWP,1740.5,1555,1612,1468,1492.5,1444.5,-296
3,5150,BERGEN,TEANECK TWP,3938,3838.5,3729.5,3702,3614,3646.5,-291.5
39,5290,UNION,UNION TWP,7540,7441.5,7496.5,7466.5,7475.5,7256.5,-283.5
5,2850,BURLINGTON,LUMBERTON TWP,1658,1624,1532,1502,1470,1376,-282
19,920,HUNTERDON,CLINTON TWP,1668,1602,1595,1550,1451,1387,-281
29,4210,OCEAN,POINT PLEASANT BORO,3020,2943.5,2919.5,2878,2787,2741,-279
25,2920,MONMOUTH,MANALAPAN-ENGLISHTOWN REG,5276,5161,5107,5025,5082,5000,-276
27,3950,MORRIS,PARSIPPANY-TROY HILLS TWP,7287.5,7243,7147,7023.5,6925,7012.5,-275
5,1420,BURLINGTON,EVESHAM TWP,4723,4726,4667,4595,4548,4453,-270
25,945,MONMOUTH,COLTS NECK TWP,1218,1182,1097,998,952,955,-263
29,2690,OCEAN,LITTLE EGG HARBOR TWP,1833,1781,1762,1651,1608,1572,-261
25,2230,MONMOUTH,HOLMDEL TWP,3215,3118,3084.5,3076.5,2998,2965,-250
3,1580,BERGEN,FRANKLIN LAKES BORO,1421,1395,1266,1276,1224,1173,-248
25,2105,MONMOUTH,HAZLET TWP,3269,3174.5,3169,3113.5,3038,3021.5,-247.5
9,2820,CAPE MAY,LOWER CAPE MAY REGIONAL,1619.5,1540.5,1476,1397,1427,1373,-246.5
9,3130,CAPE MAY,MIDDLE TWP,2752.5,2670,2649.5,2541.5,2490.5,2506,-246.5
3,5920,BERGEN,WYCKOFF TWP,2316,2257,2226,2143,2099,2073,-243
3,4310,BERGEN,RAMSEY BORO,3074.5,3017,2907,2934,2855,2832,-242.5
1,2910,ATLANTIC,MAINLAND REGIONAL,1550,1473,1401.5,1418,1355.5,1316,-234
1,5350,ATLANTIC,VENTNOR CITY,983,905,872,818,778,753,-230
31,2510,PASSAIC,LAKELAND REGIONAL,1183,1098.5,1075.5,1007,953.5,953,-230
27,2460,MORRIS,KINNELON BORO,2179,2126,2085,2075.5,1994.5,1951.5,-227.5
7,800,CAMDEN,CHERRY HILL TWP,11359,11248,11516,11266,11234,11134,-225
29,4105,OCEAN,PINELANDS REGIONAL,1776.5,1707,1622,1618,1580.5,1553,-223.5
27,1090,MORRIS,DENVILLE TWP,1853,1817,1744,1722,1672,1630,-223
21,2280,MERCER,HOPEWELL VALLEY REGIONAL,3869,3797,3722.5,3694,3625.5,3648.5,-220.5
7,5400,CAMDEN,VOORHEES TWP,3179,3173,3064,2994,2992,2960,-219
27,820,MORRIS,CHESTER TWP,1351,1305,1240,1194,1162,1132,-219
25,3510,MONMOUTH,NEPTUNE TWP,4462.5,4307.5,4413.5,4428.5,4352.5,4249,-213.5
3,2180,BERGEN,HILLSDALE BORO,1398,1398,1332,1300,1250,1186,-212
3,3930,BERGEN,PARAMUS BORO,4094,4040.5,3948,3926,3917,3882.5,-211.5
3,3760,BERGEN,OAKLAND BORO,1686,1707,1620,1598,1551,1475,-211
3,1130,BERGEN,DUMONT BORO,2742,2684.5,2650,2601,2568.5,2532,-210
35,2170,SOMERSET,HILLSBOROUGH TWP,7388.5,7293.5,7195,7173.5,7228.5,7189,-199.5
25,2400,MONMOUTH,KEANSBURG BORO,1706.5,1613,1671.5,1543,1477.5,1512,-194.5
3,4430,BERGEN,RIVER VALE TWP,1376,1331,1291,1264,1223,1183,-193
3,3710,BERGEN,NORTHERN VALLEY REGIONAL,2685.5,3243.5,2557,2546,2531,2497.5,-188
41,1785,WARREN,GREAT MEADOWS REGIONAL,906,873,849,812,760,718,-188
21,5715,MERCER,W WINDSOR-PLAINSBORO REG,9787,9804,9754.5,9707.5,9626,9607.5,-179.5
23,4910,MIDDLESEX,SOUTH PLAINFIELD BORO,3704,3638,3565,3466.5,3538,3527.5,-176.5
15,2990,GLOUCESTER,MANTUA TWP,1419,1368,1327,1310,1290,1246,-173
17,2390,HUDSON,JERSEY CITY,27658,27397,27028,27571,27810,27488,-170
21,1430,MERCER,EWING TWP,3718,3694.5,3656.5,3608.5,3597,3548,-170
41,3675,WARREN,NORTH WARREN REGIONAL,1057,998,993,963,911,890,-167
17,3610,HUDSON,NORTH BERGEN TWP,8032,8114,8075,8051,8051,7866,-166
5,600,BURLINGTON,BURLINGTON CITY,1880,1789,1781,1735,1702,1717,-163
19,370,HUNTERDON,BETHLEHEM TWP,543,483,457,449,400,383,-160
27,4080,MORRIS,PEQUANNOCK TWP,2321,2253,2236.5,2252.5,2224,2162.5,-158.5
29,5020,OCEAN,STAFFORD TWP,2352,2300,2224,2255,2234,2196,-156
19,1050,HUNTERDON,DELAWARE VALLEY REGIONAL,993,680.5,928,911,859,838,-155
29,4950,OCEAN,SOUTHERN REGIONAL,3031,3037.5,2984,2995.5,2938,2876.5,-154.5
5,4050,BURLINGTON,PEMBERTON TWP,4821,4880,4994,5035,5048,4667,-154
33,4075,SALEM,PENNSVILLE,1865,1846.5,1817,1749,1719.5,1712,-153
37,640,SUSSEX,BYRAM TWP,1027,1024,960,884,896,874,-153
39,310,UNION,BERKELEY HEIGHTS TWP,2818,2785,2732.5,2693,2665,2666.5,-151.5
29,4220,OCEAN,POINT PLEASANT BEACH BORO,909,865,826.5,819.5,818,758,-151
27,1190,MORRIS,EAST HANOVER TWP,1120,1099,1060,1015,995,970,-150
37,2165,SUSSEX,HIGH POINT REGIONAL,1127.5,1082.5,1004.5,995,998.5,979,-148.5
27,3100,MORRIS,MENDHAM TWP,856,792,786,733,707,708,-148
3,5330,BERGEN,UPPER SADDLE RIVER BORO,1376,1341,1339,1305,1248,1229,-147
5,4740,BURLINGTON,SHAMONG TWP,917,900,897,834,798,771,-146
41,1840,WARREN,GREENWICH TWP,897,870,855,829,808,751,-146
19,5180,HUNTERDON,TEWKSBURY TWP,744,707,695,684,656,599,-145
5,620,BURLINGTON,BURLINGTON TWP,4069,4097,4035,4042,3987,3926,-143
1,3720,ATLANTIC,NORTHFIELD CITY,1050,1042,1012,980,927,908,-142
41,5530,WARREN,WASHINGTON TWP,618,586,571,541,517,477,-141
27,5660,MORRIS,WEST MORRIS REGIONAL,2740.5,2743,2773,2745,2671.5,2603.5,-137
1,570,ATLANTIC,BRIGANTINE CITY,796,768,757,718,687,660,-136
15,4940,GLOUCESTER,DELSEA REGIONAL H.S DIST.,1750,1707,1763.5,1773,1700,1614,-136
15,5620,GLOUCESTER,WEST DEPTFORD TWP,3096,3039,3004,2971,3009.5,2960.5,-135.5
37,90,SUSSEX,ANDOVER REG,641,605,566,591,559,507,-134
1,1940,ATLANTIC,HAMILTON TWP,3206,3156,3075,3186,3102,3076,-130
1,1690,ATLANTIC,GALLOWAY TWP,3415,3410,3396,3336,3275,3286,-129
41,400,WARREN,BLAIRSTOWN TWP,630,599,554,529,544,506,-124
3,3850,BERGEN,OLD TAPPAN BORO,826,770,751,753,738,704,-122
25,560,MONMOUTH,BRIELLE BORO,672,589,599,566,560,551,-121
23,4920,MIDDLESEX,SOUTH RIVER BORO,2332,2304.5,2336.5,2323.5,2276.5,2212.5,-119.5
35,490,SOMERSET,BOUND BROOK BORO,1538,1533,1605,1713.5,1804.5,1418.5,-119.5
3,3550,BERGEN,NEW MILFORD BORO,2110,2049,2050.5,2006.5,1983.5,1991,-119
19,1160,HUNTERDON,EAST AMWELL TWP,483,450,425,407,390,364,-119
27,3090,MORRIS,MENDHAM BORO,684,672,640,610,597,566,-118
5,5130,BURLINGTON,TABERNACLE TWP,863,826,788,762,776,747,-116
27,4490,MORRIS,ROCKAWAY TWP,2515,2500,2426,2379,2359,2399,-116
31,2100,PASSAIC,HAWTHORNE BORO,2439,2168,2323,2333,2279,2323,-116
1,3020,ATLANTIC,MARGATE CITY,514,492,473,456,424,399,-115
25,2930,MONMOUTH,MANASQUAN BORO,1690.5,1648,1600.5,1626.5,1607.5,1575.5,-115
25,5230,MONMOUTH,UNION BEACH,737,732,730,654,630,624,-113
41,280,WARREN,BELVIDERE TOWN,860,803,772,738,763,747,-113
27,4000,MORRIS,LONG HILL TWP,933,924,860,846,830,821,-112
39,4540,UNION,ROSELLE BORO,2803,2692,2652,2664,2722,2691,-112
25,2120,MONMOUTH,HENRY HUDSON REGIONAL,403,360,356.5,314.5,307.5,294.5,-108.5
15,870,GLOUCESTER,CLEARVIEW REGIONAL,2524,2503,2466,2490,2456,2417.5,-106.5
15,1730,GLOUCESTER,GLASSBORO,2239,1730,2209.5,2183,2126,2134,-105
19,2600,HUNTERDON,LEBANON TWP,764,747,716,709,683,659,-105
19,20,HUNTERDON,ALEXANDRIA TWP,588,523,477,500,486,485,-103
37,1630,SUSSEX,FREDON TWP,335,326,323,276,250,232,-103
5,4930,BURLINGTON,SOUTHAMPTON TWP,800,780,768,729,726,699,-101
37,5435,SUSSEX,WALLKILL VALLEY REGIONAL,773,707.5,691.5,668,654.5,673,-100
3,3330,BERGEN,MONTVALE BORO,1098,1080,1069,1041,1056,1000,-98
19,2220,HUNTERDON,HOLLAND TWP,654,646,617,600,585,556,-98
37,1980,SUSSEX,HAMPTON TWP,388,391,346,332,317,291,-97
5,1250,BURLINGTON,EASTAMPTON TWP,686,640,631,612,593,591,-95
9,2840,CAPE MAY,LOWER TWP,1826,1826,1806,1821,1807,1732,-94
23,970,MIDDLESEX,CRANBURY TWP,586,567,543,546,513,492,-94
27,3370,MORRIS,MORRIS HILLS REGIONAL,2870.5,2777.5,2769.5,2724,2762.5,2776.5,-94
33,5910,SALEM,WOODSTOWN-PILESGROVE REG,1602.5,1628.5,1597,1435,1519.5,1510.5,-92
23,4830,MIDDLESEX,SOUTH AMBOY CITY,1157,1150.5,1140,1102.5,1080.5,1067,-90
5,1910,BURLINGTON,HAINESPORT TWP,702,693,695,669,652,613,-89
5,2960,BURLINGTON,MANSFIELD TWP,712,743,700,714,658,623,-89
37,5030,SUSSEX,STANHOPE BORO,399,354,356,364,318,311,-88
37,2465,SUSSEX,KITTATINNY REGIONAL,1144.5,1139.5,1097.5,1116,1074,1057,-87.5
41,5780,WARREN,WHITE TWP,371,349,333,339,315,286,-85
5,3440,BURLINGTON,MOUNT LAUREL TWP,4290,4201,4125,4170,4215,4206,-84
3,2740,BERGEN,LODI BOROUGH,3281,3326,3306.5,3316.5,3244,3198.5,-82.5
15,4140,GLOUCESTER,PITMAN BORO,1499.5,1512,1458,1449,1243,1418,-81.5
27,4480,MORRIS,ROCKAWAY BORO,664,654,662,625,578,583,-81
35,1810,SOMERSET,GREEN BROOK TWP,990,964,927,927,897,909,-81
37,3300,SUSSEX,MONTAGUE TWP,296,303,264,250,218,215,-81
33,4630,SALEM,SALEM CITY,1253,1227,1203.5,1208.5,1175.5,1172.5,-80.5
25,3270,MONMOUTH,MONMOUTH REGIONAL,1058,949,996,958,950.5,978.5,-79.5
9,1080,CAPE MAY,DENNIS TWP,620,608,592,582,527,541,-79
41,2470,WARREN,KNOWLTON TWP,279,269,244,241,220,201,-78
39,4290,UNION,RAHWAY CITY,3823,3827,3685.5,3726.5,3744.5,3748,-75
39,3470,UNION,MOUNTAINSIDE BORO,806,809,777,774,735,732,-74
25,2430,MONMOUTH,KEYPORT BORO,1146,959,1081.5,1077,1079.5,1072.5,-73.5
3,3940,BERGEN,PARK RIDGE BORO,1285.5,1247.5,1292,1285.5,1271,1212.5,-73
7,1255,CAMDEN,EASTERN CAMDEN COUNTY REG,2111,2075,2080,2049,2014,2038,-73
29,2500,OCEAN,LAKEHURST BORO,436,420,425,403,384,363,-73
17,4730,HUDSON,SECAUCUS TOWN,2191,2156,2199,2181,2188,2119,-72
35,240,SOMERSET,BEDMINSTER TWP,590,582,586,500,544,518,-72
3,4300,BERGEN,RAMAPO-INDIAN HILL REG,2346,2270.5,2310,2308,2313,2275,-71
23,750,MIDDLESEX,CARTERET BORO,3782,3626,3805,3751,3717,3712,-70
19,2450,HUNTERDON,KINGWOOD TWP,,413,409,368,358,343,-70
3,5880,BERGEN,WOODCLIFF LAKE BORO,835,803,665,766,765,766,-69
25,4760,MONMOUTH,SHORE REGIONAL,677,634.5,646,629,615,608.5,-68.5
1,2680,ATLANTIC,LINWOOD CITY,899,890,885,863,860,832,-67
5,5010,BURLINGTON,SPRINGFIELD TWP,288,287,264,247,230,222,-66
27,460,MORRIS,BOONTON TWP,518,487,483,472,453,452,-66
27,1530,MORRIS,FLORHAM PARK BORO,1025,1009,1010,999,989,960,-65
19,5270,HUNTERDON,UNION TWP,513,497,469,497,475,449,-64
11,997,CUMBERLAND,CUMBERLAND REGIONAL,1318,1300.5,1252,1271.5,1296.5,1254.5,-63.5
3,3730,BERGEN,NORTHVALE BORO,586,567,531,474,509,523,-63
15,5590,GLOUCESTER,WENONAH BORO,255,246,247,227,208,192,-63
7,4110,CAMDEN,PINE HILL BORO,1928,1896,1874,1908,1937,1866,-62
41,2790,WARREN,LOPATCONG TWP,915,876,870,850,831,853,-62
39,850,UNION,CLARK TWP,2343,2287.5,2281,2318,2313,2281.5,-61.5
7,880,CAMDEN,CLEMENTON BORO,496,463,467,457,434,435,-61
41,1620,WARREN,FRANKLIN TWP,293,292,270,253,230,232,-61
31,4400,PASSAIC,RINGWOOD BORO,1259,941,1238,1218,1220,1199,-60
3,2050,BERGEN,HARRINGTON PARK BORO,692,693,634,639,637,633,-59
25,4980,MONMOUTH,SPRING LAKE BORO,268,269,261,244,213,209,-59
33,5320,SALEM,UPPER PITTSGROVE TWP,405,410,395,370,360,347,-58
37,1560,SUSSEX,FRANKFORD TWP,583,565,540,536,547,525,-58
11,950,CUMBERLAND,COMMERCIAL TWP,641,633,607,588,557,584,-57
19,1040,HUNTERDON,DELAWARE TWP,459,431,410,409,379,402,-57
41,5465,WARREN,WARREN HILLS REGIONAL,1939,1894,1862,1873,1886,1882,-57
25,5185,MONMOUTH,TINTON FALLS,1565,1553,1532,1514,1507,1509,-56
35,4815,SOMERSET,SOMERSET HILLS REGIONAL,2068,2025.5,2017,2010,2036.5,2012,-56
29,185,OCEAN,BARNEGAT TWP,3203.5,3179.5,3188,3173.5,3179.5,3148,-55.5
7,5560,CAMDEN,WATERFORD TWP,890,875,908,898,878,835,-55
9,3680,CAPE MAY,NORTH WILDWOOD CITY,326,323,318,322,304,271,-55
11,1020,CUMBERLAND,DEERFIELD TWP,380,356,355,340,340,325,-55
15,1330,GLOUCESTER,ELK TWP,388,394,371,359,351,334,-54
1,4800,ATLANTIC,SOMERS POINT CITY,1050,1098,1085,1068,1016,997,-53
25,3250,MONMOUTH,MONMOUTH BEACH BORO,304,312,299,285,266,251,-53
3,4390,BERGEN,RIDGEWOOD VILLAGE,5692,5701.5,5758,5721.5,5673.5,5639.5,-52.5
19,910,HUNTERDON,CLINTON TOWN,507,496,481,479,482,455,-52
31,2700,PASSAIC,LITTLE FALLS TWP,926,916,795,916,880,874,-52
41,2250,WARREN,HOPE TWP,208,195,190,180,170,156,-52
7,5035,CAMDEN,STERLING HIGH SCHOOL DIST,980,961,906,897,961,929,-51
13,1465,ESSEX,FAIRFIELD TWP,696,689,692,644,623,645,-51
33,60,SALEM,ALLOWAY TWP,434,418,406,385,374,383,-51
3,4620,BERGEN,SADDLE RIVER BORO,228,228,206,201,187,178,-50
27,2000,MORRIS,HANOVER TWP,1509,1493,1472,1485,1463,1459,-50
37,5040,SUSSEX,STILLWATER TWP,373,366,352,337,348,323,-50
39,3395,UNION,MORRIS-UNION JOINTURE COM,321,269,296,265,257,271,-50
9,715,CAPE MAY,CAPE MAY CO SPECIAL SERV,276.5,267,255.5,250.5,255.5,229,-47.5
39,2660,UNION,LINDEN CITY,6017,5951.5,5960,6006,6027.5,5969.5,-47.5
35,3670,SOMERSET,NORTH PLAINFIELD BORO,3248.5,3152,3245.5,3262.5,3289.5,3202,-46.5
41,4200,WARREN,POHATCONG TWP,349,356,349,339,321,304,-45
3,40,BERGEN,ALLENDALE BORO,948,883,903,898,901,904,-44
7,5900,CAMDEN,WOODLYNNE BORO,421,439,435,368,382,377,-44
31,900,PASSAIC,CLIFTON CITY,10909,10992,10949,10853,10840,10865,-44
31,5690,PASSAIC,WOODLAND PARK,1112,1087,1125,1107,1096,1068,-44
41,2040,WARREN,HARMONY TWP,295.5,283,271,262,252,252,-43.5
1,5760,ATLANTIC,WEYMOUTH TWP,212,213,199,192,181,169,-43
15,4020,GLOUCESTER,PAULSBORO BORO,1207,1219,1174,1171,1156,1164,-43
23,3140,MIDDLESEX,MIDDLESEX BORO,2100.5,2144,2140.5,2121,2080.5,2057.5,-43
27,3410,MORRIS,MOUNT ARLINGTON BORO,376,373,360,335,345,333,-43
23,4970,MIDDLESEX,SPOTSWOOD BORO,1812,1780,1797,1780,1766,1770,-42
3,2200,BERGEN,HO HO KUS BORO,659,650,645,660,640,618,-41
33,2800,SALEM,LOWER ALLOWAYS CREEK,202,193,203,193,178,161,-41
37,1570,SUSSEX,FRANKLIN BORO,515,500,490,456,458,474,-41
41,70,WARREN,ALPHA BORO,249.5,273,257,242,224,209,-40.5
3,3740,BERGEN,NORWOOD BORO,619,612,588,589,586,579,-40
15,2070,GLOUCESTER,HARRISON TWP,1496,1481,1437,1477,1484,1456,-40
27,3364,MORRIS,EDUC SERV COMM MORRIS CO,102,66,55,53,67,62,-40
35,4820,SOMERSET,SOMERVILLE BORO,2432,2228,2482.5,2432,2397,2392.5,-39.5
7,700,CAMDEN,CAMDEN COUNTY VOCATIONAL,2124,2142,2158,2201,2118,2085,-39
7,1880,CAMDEN,HADDON HEIGHTS BORO,1336,1334,1326,1247,1287,1297,-39
19,670,HUNTERDON,CALIFON BORO,147,139,143,110,109,108,-39
7,3770,CAMDEN,OAKLYN BORO,421,469,439,411,382,383,-38
27,3460,MORRIS,MOUNTAIN LAKES BORO,1561,1570.5,1583,1539,1532.5,1523,-38
3,1360,BERGEN,EMERSON BORO,1211,1190,1205,1199,1204,1174,-37
13,1400,ESSEX,ESSEX FELLS BORO,242,204,183,205,209,205,-37
25,3830,MONMOUTH,OCEANPORT BORO,651,649,630,616,628,614,-37
7,1890,CAMDEN,HADDON TWP,2108,2103,2094,2056,2117,2073,-35
3,3870,BERGEN,ORADELL BORO,790,780,757,769,732,756,-34
7,3420,CAMDEN,MOUNT EPHRAIM BORO,470,443,453,432,425,437,-33
15,5860,GLOUCESTER,WOODBURY CITY,1547,1508,1503,1506,1536,1514,-33
3,745,BERGEN,CARLSTADT-EAST RUTHERFORD,493,495.5,497.5,492,488.5,460.5,-32.5
19,3660,HUNTERDON,N HUNT/VOORHEES REGIONAL,2745,2826.5,2829.5,2770,2650,2712.5,-32.5
3,5410,BERGEN,WALDWICK BORO,1589.5,1590,1611,1592,1582.5,1557.5,-32
31,420,PASSAIC,BLOOMINGDALE BORO,622,613,617,604,596,590,-32
13,5680,ESSEX,WEST ORANGE TOWN,6713,6790.5,6835,6868,6727,6681.5,-31.5
80,6232,CHARTERS,Environment Community CS,215,212,215,227,221,184,-31
3,440,BERGEN,BOGOTA BORO,1159,1142.5,1124,1096.5,1088.5,1128.5,-30.5
33,4070,SALEM,PENNS GRV-CARNEY'S PT REG,2207,2311.5,2281.5,2346,2270.5,2176.5,-30.5
3,740,BERGEN,CARLSTADT BORO,591,574,596,594,570,561,-30
5,1520,BURLINGTON,FLORENCE TWP,1608,1593,1593,1609,1598,1578,-30
25,3040,MONMOUTH,MATAWAN-ABERDEEN REGIONAL,3824,3819.5,3767.5,3790,3841.5,3794,-30
37,1800,SUSSEX,GREEN TWP,491,475,485,480,470,461,-30
37,3840,SUSSEX,OGDENSBURG BORO,283,299,306,289,264,253,-30
39,1710,UNION,GARWOOD BORO,394,409,389,383,372,364,-30
9,5800,CAPE MAY,WILDWOOD CREST BORO,283,261,246,242,254,254,-29
25,3500,MONMOUTH,NEPTUNE CITY,392,391,403,396,379,363,-29
19,1680,HUNTERDON,FRENCHTOWN BORO,168,163,144,139,143,140,-28
11,2270,CUMBERLAND,HOPEWELL TWP,520,510,516,512,496,493,-27
29,3820,OCEAN,OCEAN TWP,540,535,542,512,544,513,-27
31,4230,PASSAIC,POMPTON LAKES BORO,1691,1663,1697,1684,1701.5,1664,-27
15,1100,GLOUCESTER,DEPTFORD TWP,4374,4358.5,4346,4362,4320.5,4347.5,-26.5
9,170,CAPE MAY,AVALON BORO,75,66,61,58,50,49,-26
29,2550,OCEAN,LAVALLETTE BORO,168,167,162,137,138,143,-25
5,5490,BURLINGTON,WASHINGTON TWP,61,45,37,32,41,37,-24
11,5070,CUMBERLAND,STOW CREEK TWP,136,123,112,118,111,112,-24
19,3180,HUNTERDON,MILFORD BORO,119,122,117,101,96,95,-24
35,5540,SOMERSET,WATCHUNG BORO,705,680,713,693,690,682,-23
37,1930,SUSSEX,HAMBURG BORO,275,272,275,284,270,252,-23
3,1760,BERGEN,GLEN ROCK BORO,2440,2392,2354,2388,2388,2417.5,-22.5
3,4410,BERGEN,RIVER EDGE BORO,1193,1162,1167,1159,1202,1171,-22
9,5340,CAPE MAY,UPPER TWP,1432,1405,1408,1374,1404,1410,-22
1,1410,ATLANTIC,ESTELL MANOR CITY,194,189,187,181,163,173,-21
25,5310,MONMOUTH,UPPER FREEHOLD REGIONAL,2333,2297.5,2327,2332,2328.5,2312,-21
31,3640,PASSAIC,NORTH HALEDON BORO,711,698,727,711,706,690,-21
41,1670,WARREN,FRELINGHUYSEN TWP,178,166,152,155,149,157,-21
17,1850,HUDSON,GUTTENBERG TOWN,1023,931,1004,1022,975,1003,-20
21,2580,MERCER,LAWRENCE TWP,3942,4024,4036,4011,3992.5,3922.5,-19.5
25,180,MONMOUTH,AVON BORO,164,161,164,156,153,146,-18
25,4690,MONMOUTH,SEA GIRT BORO,171,161,171,173,161,153,-18
15,3490,GLOUCESTER,NATIONAL PARK BORO,288,260,256,269,271,271,-17
19,430,HUNTERDON,BLOOMSBURY BORO,137,152,141,134,123,120,-17
21,3103,MERCER,MERCER CO SPECIAL SERVICE,661.5,622,642.5,635.5,653.5,644.5,-17
21,3103,MERCER,MERCER CO SPECIAL SERVICES SCHOOL DISTRICT,661.5,622,642.5,635.5,653.5,644.5,-17
29,3800,OCEAN,OCEAN GATE BORO,157,159,161,136,159,140,-17
37,2615,SUSSEX,LENAPE VALLEY REGIONAL,825,740.5,775,831,821,808,-17
80,6910,CHARTERS,Jersey City Comm. CS,587,572,572,582,579,570,-17
35,4805,SOMERSET,SOMERSET CO ED SERV COMM,143,113,145,175,163,127,-16
15,2750,GLOUCESTER,LOGAN TWP,868,863,844,839,830,853,-15
37,2490,SUSSEX,LAFAYETTE TWP,257,252,253,251,253,242,-15
41,2970,WARREN,MANSFIELD TWP,675,709,691,707,696,660,-15
13,3190,ESSEX,MILLBURN TWP,4917,4853,4931,4904,4869,4903,-14
19,2140,HUNTERDON,HIGH BRIDGE BORO,389,395,362,362,380,375,-14
25,2160,MONMOUTH,HIGHLANDS BORO,206,189,181,174,170,192,-14
13,5370,ESSEX,VERONA BORO,2158,2207,2177,2183,2163,2144.5,-13.5
5,605,BURLINGTON,BURLINGTON CO SPEC SERV,581,498.5,560,586,586,568,-13
80,6010,CHARTERS,Academy Charter High School,191.5,193.5,210.5,204,195.5,178.5,-13
13,760,ESSEX,CEDAR GROVE TWP,1618,1627.5,1625,1663.5,1637,1606,-12
19,1600,HUNTERDON,FRANKLIN TWP,305,297,285,291,300,293,-12
29,230,OCEAN,BEACH HAVEN BORO,75,62,64,73,65,63,-12
39,980,UNION,CRANFORD TWP,3892,3773,3877.5,3846.5,3872,3880.5,-11.5
15,1830,GLOUCESTER,GREENWICH TWP,476,503,510,476,466,465,-11
25,1260,MONMOUTH,EATONTOWN BORO,1061,1051,1070,1062,1050,1050,-11
25,5640,MONMOUTH,WEST LONG BRANCH BORO,591,592,600,595,579,580,-11
37,4650,SUSSEX,SANDYSTON-WALPACK TWP,157,144,149,148,145,146,-11
7,2890,CAMDEN,MAGNOLIA BORO,439,433,419,398,417,429,-10
5,200,BURLINGTON,BASS RIVER TWP,119,132,128,112,115,110,-9
11,1820,CUMBERLAND,GREENWICH TWP,69,78,76,64,53,60,-9
19,2305,HUNTERDON,HUNTERDON CO ED SER COMM,67,75.5,82.5,93.5,84,58,-9
27,2380,MORRIS,JEFFERSON TWP,3158.5,3438.5,3385.5,3298,3199,3149.5,-9
27,3240,MORRIS,MINE HILL TWP,368,417,414,383,369,359,-9
15,1590,GLOUCESTER,FRANKLIN TWP,1395,1363,1369,1388,1389,1387,-8
15,5120,GLOUCESTER,SWEDESBORO-WOOLWICH,1722,1714,1732,1727,1744,1714,-8
19,1970,HUNTERDON,HAMPTON BORO,130,116,108,82,123,122,-8
80,7100,CHARTERS,Lady Liberty Academy CS,456,406,445,457,444,448,-8
5,1030,BURLINGTON,DELANCO TWP,402,397,386,390,387,395,-7
9,5060,CAPE MAY,STONE HARBOR BORO,74,79,78,73,68,68,-6
13,4530,ESSEX,ROSELAND BORO,447,485,455,461,438,441,-6
29,5220,OCEAN,TUCKERTON BORO,322,345,341,330,331,316,-6
23,1140,MIDDLESEX,DUNELLEN BORO,1118,1159,1142,1136,1145.5,1113,-5
25,1440,MONMOUTH,FAIR HAVEN BORO,1017,919,1041,1016,1006,1012,-5
80,7290,CHARTERS,New Horizons Comm. CS,441,457,446,458,479,436,-5
29,2760,OCEAN,LONG BEACH ISLAND,237,238,247,232,232,233,-4
5,1280,BURLINGTON,EDGEWATER PARK TWP,858,858,878,868,863,855,-3
9,5790,CAPE MAY,WILDWOOD CITY,860,793.5,851.5,877,870,857,-3
27,2010,MORRIS,HARDING TOWNSHIP,306,332,317,321,306,303,-3
39,5730,UNION,WESTFIELD TOWN,6268,6280,6310.5,6223,6253,6265,-3
80,7727,CHARTERS,Ridge and Valley CS,111,124,119,121,125,108,-3
3,4610,BERGEN,SADDLE BROOK TWP,1713,1688.5,1675,1651.5,1668,1710.5,-2.5
25,4990,MONMOUTH,SPRING LAKE HEIGHTS BORO,348,357,366,350,345,346,-2
3,80,BERGEN,ALPINE BORO,154,144,145,163,155,153,-1
3,930,BERGEN,CLOSTER BORO,1120,1110,1120,1118,1111,1119,-1
7,190,CAMDEN,BARRINGTON BORO,619,617,626,612,611,618,-1
35,4850,SOMERSET,SOUTH BOUND BROOK,451,462,445,456,465,450,-1
80,6810,CHARTERS,International Charter School,90,90,89,90,90,89,-1
13,1750,ESSEX,GLEN RIDGE BORO,1897,1669,1967,1933,1850,1897,0
80,6420,CHARTERS,Elysian CS of Hoboken,289,286,288,288,290,289,0
80,7890,CHARTERS,Teaneck Community CS,306,306,305,306,306,306,0
80,6230,CHARTERS,Classical Academy Charter School,,,118,115,8,118,0
80,6060,CHARTERS,Atlantic City Community Charter School,,,,,150,150,0
19,1376,HUNTERDON,SOUTH HUNTERDON REGIONAL SCHOOL DISTRICT,,,,,942,942.5,0.5
7,330,CAMDEN,BERLIN BORO,850,859,890,861,847,851,1
7,1720,CAMDEN,GIBBSBORO BORO,251,246,266,261,270,252,1
33,2950,SALEM,MANNINGTON TWP,184,164,183,175,182,185,1
37,2030,SUSSEX,HARDYSTON TWP,735,684,758,744,743,736,1
80,8140,CHARTERS,Village CS,358,358,357,360,359,359,1
1,1540,ATLANTIC,FOLSOM BORO,398,417,419,433,419,401,3
11,995,CUMBERLAND,CUMBERLAND CO VOCATIONAL,269,282,371,365.5,347.5,272,3
23,2370,MIDDLESEX,JAMESBURG BORO,659,660,664,667,673,662,3
27,3520,MORRIS,NETCONG BORO,286,281,315,303,296,289,3
29,2350,OCEAN,ISLAND HEIGHTS BORO,115,109,120,108,119,118,3
33,4280,SALEM,QUINTON TWP,345,366,379,340,359,348,3
80,7540,CHARTERS,Princeton CS,344,343,339,343,348,347,3
25,4570,MONMOUTH,RUMSON BORO,967,982,983,964,974,971,4
80,6094,CHARTERS,Phillip's Academy Charter School,,,,371,372,375,4
3,1070,BERGEN,DEMAREST BORO,662,651,668,685,678,667,5
5,3920,BURLINGTON,PALMYRA BORO,931,955,965,963,937,936,5
25,270,MONMOUTH,BELMAR BORO,551,559,568,561,533,556,5
25,500,MONMOUTH,BRADLEY BEACH BORO,290,272,285,295,283,295,5
41,5450,WARREN,WARREN CO SPECIAL SERVICE,24,26,33,38,33,29,5
15,5870,GLOUCESTER,WOODBURY HEIGHTS BORO,218,216,221,209,220,224,6
80,8060,CHARTERS,University Academy CS,430,420,419,423,423,436,6
5,5890,BURLINGTON,WOODLAND TWP,144,151,160,145,152,151,7
1,4240,ATLANTIC,PORT REPUBLIC CITY,115,120,113,126,130,123,8
3,3960,BERGEN,PASCACK VALLEY REGIONAL,2052.5,2053.5,2037,2057,2027.5,2061,8.5
5,3070,BURLINGTON,MEDFORD LAKES BORO,531,535,536,527,536,540,9
29,4710,OCEAN,SEASIDE HEIGHTS BORO,211,230,230,202,220,221,10
39,4670,UNION,SCOTCH PLAINS-FANWOOD REG,5470,5472,5478,5457.5,5457,5480,10
1,125,ATLANTIC,ATLANTIC CO SPECIAL SERV,364.5,410,417,411,411,375,10.5
3,5755,BERGEN,WESTWOOD REGIONAL,2731.5,2716,2667.5,2687,2720.5,2742.5,11
5,4450,BURLINGTON,RIVERSIDE TWP,1384,1370,1417,1446,1387,1395,11
31,5440,PASSAIC,WANAQUE BORO,932,928,948,915,954,943,11
39,5810,UNION,WINFIELD TWP,143,150,158,143,153,154,11
41,30,WARREN,ALLAMUCHY TWP,410,425,437,444,432,421,11
13,3630,ESSEX,NORTH CALDWELL BORO,661,675,682,670,658,673,12
25,1490,MONMOUTH,FARMINGDALE BORO,156,152,150,148,165,168,12
80,6430,CHARTERS,Englewood on the Palisades Charter School,198,192,180,199,204,210,12
41,5480,WARREN,WASHINGTON BORO,538,539,536,544,563,551,13
5,5720,BURLINGTON,WESTAMPTON,965,974,980,993,957,979,14
9,5840,CAPE MAY,WOODBINE BORO,207,195,239,218,181,221,14
80,6740,CHARTERS,Hope Academy CS,193,200,207,205,203,207,14
11,1120,CUMBERLAND,DOWNE TWP,165,178,189,194,191,180,15
25,130,MONMOUTH,ATLANTIC HIGHLANDS BORO,312,325,326,319,317,327,15
29,1150,OCEAN,EAGLESWOOD TWP,136,142,134,141,136,151,15
31,3990,PASSAIC,PASSAIC VALLEY REGIONAL,1282,1354.5,1387.5,1363.5,1347.5,1297.5,15.5
5,4460,BURLINGTON,RIVERTON,272,272,268,304,278,288,16
39,4550,UNION,ROSELLE PARK BORO,1984.5,1976,1945,1944.5,1965,2000.5,16
3,4470,BERGEN,ROCHELLE PARK TWP,458,453,442,455,465,475,17
7,4790,CAMDEN,SOMERDALE BORO,503,520,509,527,500,520,17
15,4880,GLOUCESTER,SOUTH HARRISON TWP,368,366,347,370,371,385,17
25,4520,MONMOUTH,ROOSEVELT BORO,64,69,74,86,95,81,17
35,350,SOMERSET,BERNARDS TWP,5622,5665.5,5679,5751.5,5703,5639,17
37,5105,SUSSEX,SUSSEX CO ED SERV COMM,19,24,33,36,38,36,17
5,3540,BURLINGTON,NEW HANOVER TWP,174,176,190,194,183,192,18
41,3890,WARREN,OXFORD TWP,290,278,304,311,306,308,18
15,5740,GLOUCESTER,WESTVILLE BORO,336,345,347,363,360,355,19
27,630,MORRIS,BUTLER BORO,1130,1121,1152.5,1124,1146.5,1149,19
80,7830,CHARTERS,Soaring Heights CS,218,219,221,225,236,237,19
13,660,ESSEX,CALDWELL-WEST CALDWELL,2590,2558,2618.5,2637,2643.5,2610,20
80,6410,CHARTERS,East Orange Community CS,470,489,502,477,495,490,20
3,3700,BERGEN,NORTHERN HIGHLANDS REG,1312,1349.5,1326.5,1348,1372,1334,22
80,6026,CHARTERS,Riverbank Charter School of Excelle,121,138,142,144,144,143,22
5,380,BURLINGTON,BEVERLY CITY,267,307,307,295,297,290,23
5,3650,BURLINGTON,NORTH HANOVER TWP,1171,1254,1271,1282,1227,1194,23
25,4770,MONMOUTH,SHREWSBURY BORO,489,489,481,478,482,512,23
25,225,MONMOUTH,BAYSHORE JOINTURE COMM,28,53,46,58,57,52,24
80,6720,CHARTERS,Hoboken CS,274,272,279,280,287,298,24
80,7850,CHARTERS,Sussex County Technology Charter School,200,200,225,225,225,224,24
37,3590,SUSSEX,NEWTON TOWN,1525,1522,1356,1525.5,1556,1550,25
25,4580,MONMOUTH,RUMSON-FAIR HAVEN REG,958,908.5,897,913,933,983.5,25.5
3,4870,BERGEN,SOUTH HACKENSACK TWP,218,254,255,253,251,244,26
27,4440,MORRIS,RIVERDALE BORO,316,342,336,332,324,342,26
80,7720,CHARTERS,The Red Bank CS,174,175,180,194,193,200,26
7,580,CAMDEN,BROOKLAWN BORO,292,337,361,342,339,319,27
19,2590,HUNTERDON,LEBANON BORO,73,86,76,89,93,100,27
80,6079,CHARTERS,John P Holland Charter School,,165,193,190,199,192,27
1,10,ATLANTIC,ABSECON CITY,834,825,866,864,828,862,28
29,770,OCEAN,CENTRAL REGIONAL,1942.5,1960.5,1945.5,1895,1951,1971,28.5
9,720,CAPE MAY,CAPE MAY CO VOCATIONAL,631,628,644,658,648.5,660,29
25,100,MONMOUTH,ASBURY PARK CITY,1889.5,1985,1926,1993.5,1968,1919,29.5
3,1450,BERGEN,FAIR LAWN BORO,4757,4581.5,4571.5,4653.5,4701,4787.5,30.5
11,1460,CUMBERLAND,FAIRFIELD TWP,609,609,599,604,628,640,31
11,5300,CUMBERLAND,UPPER DEERFIELD TWP,890,852,883,906,913,921,31
31,3975,PASSAIC,PASSAIC CO ED SERV COMM,7,60,82,78,72,38,31
9,710,CAPE MAY,CAPE MAY CITY,154,145,142,159,175,186,32
7,340,CAMDEN,BERLIN TWP,614,593,656,631,634,647,33
29,210,OCEAN,BAY HEAD BORO,116,133,143,135,147,149,33
7,2540,CAMDEN,LAUREL SPRINGS BORO,166,179,185,190,211,200,34
7,4590,CAMDEN,RUNNEMEDE BORO,831,838,851,840,844,865,34
13,1387,ESSEX,ESSEX CO ED SERV COMM,49,57,105,94,51,83,34
31,1920,PASSAIC,HALEDON BORO,1024,1038,998,1018,1034,1058,34
33,1350,SALEM,ELSINBORO TWP,94,99,121,137,124,128,34
39,2190,UNION,HILLSIDE TWP,3078,3078.5,2995,2990,3085,3113,35
23,3220,MIDDLESEX,MILLTOWN BORO,679,661,641,674,681.5,714.5,35.5
3,5830,BERGEN,WOOD-RIDGE BORO,1153,1157.5,1141,1136,1197.5,1189,36
80,6320,CHARTERS,Discovery CS,62,76,60,79,74,98,36
3,3060,BERGEN,MAYWOOD BORO,929,910,957,958,943,967,38
7,2560,CAMDEN,LAWNSIDE BORO,250,255,276,278,274,289,39
11,3050,CUMBERLAND,MAURICE RIVER TWP,379,394,399,417,424,418,39
13,250,ESSEX,BELLEVILLE TOWN,4504.5,4675,4680,4468,4468,4543.5,39
25,2720,MONMOUTH,LITTLE SILVER BORO,804,770,833,860,845,845,41
3,3350,BERGEN,MOONACHIE BORO,267,271,285,282,285,309,42
80,6064,CHARTERS,Dr Lena Edwards Academic Charter School,,346,384,364,369,388,42
3,4600,BERGEN,RUTHERFORD BORO,2418,2480,2493,2488,2501.5,2460.5,42.5
5,4320,BURLINGTON,RANCOCAS VALLEY REGIONAL,2017,2049,2014,2049,2077,2061,44
7,1770,CAMDEN,GLOUCESTER CITY,2043,2050,2027,2055,2064,2087,44
1,3480,ATLANTIC,MULLICA TWP,698,724,740,757,774,743,45
9,5610,CAPE MAY,WEST CAPE MAY BORO,39,58,66,78,80,84,45
17,1200,HUDSON,EAST NEWARK BORO,223,229,239,254,265,268,45
3,5160,BERGEN,TENAFLY BORO,3559,3605,3602,3584,3597,3605,46
11,2570,CUMBERLAND,LAWRENCE TWP,441,468,504,510,502,487,46
3,4845,BERGEN,SOUTH BERGEN JOINTURE COM,296.5,326,303,294,311,343,46.5
3,4405,BERGEN,RIVER DELL REGIONAL,1595,1667,1651,1663,1671.5,1642,47
7,260,CAMDEN,BELLMAWR BORO,1144,1130,1036,1137,1159,1192,48
23,4130,MIDDLESEX,PISCATAWAY TWP,7190.5,7285,7361.5,7338,7304,7239.5,49
80,6020,CHARTERS,Pride Academy Charter School,239,240,265,264,264,288,49
27,2650,MORRIS,LINCOLN PARK BORO,885,873,918,943,951,935,50
7,3110,CAMDEN,MERCHANTVILLE BORO,322,365,374,378,371,373,51
5,3010,BURLINGTON,MAPLE SHADE TWP,2126,2113,2080,2163,2226,2180,54
19,2300,HUNTERDON,HUNTERDON CENTRAL REG,2888.5,2995.5,2946,2953.5,2935.5,2943.5,55
7,940,CAMDEN,COLLINGSWOOD BORO,1889,1875,1862,1875,1877,1945,56
31,4270,PASSAIC,PROSPECT PARK BORO,858,883,901,878,866,914,56
80,7410,CHARTERS,chARTer~TECH HIGH SCHOOL,281,319,314,332,338,339,58
80,6029,CHARTERS,Newark Educators Community Charter School,243,276,278,277,314,302,59
11,5390,CUMBERLAND,VINELAND CITY,9739.5,9636,9655.5,9828.5,9720,9799.5,60
33,4640,SALEM,SALEM COUNTY VOCATIONAL,762,722.5,761.5,773.5,826,824,62
39,2420,UNION,KENILWORTH BORO,1349,1326.5,1356.5,1400.5,1409,1411.5,62.5
3,990,BERGEN,CRESSKILL BORO,1726,1743,1707,1754.5,1766,1789,63
5,1060,BURLINGTON,DELRAN TWP,2957,2921,2860,2950,2979,3020,63
1,1300,ATLANTIC,EGG HARBOR CITY,462,504,503,491,502,527,65
27,5770,MORRIS,WHARTON BORO,724,780,786,778,780,789,65
25,1000,MONMOUTH,DEAL BORO,99,78,149,155,163,165,66
80,6076,CHARTERS,Benjamin Banneker Prep CS,,,78,149,147,144,66
3,1230,BERGEN,EAST RUTHERFORD BORO,758,771,765,761,772,826,68
80,6215,CHARTERS,Camden's Promise CS,425,430,439,450,465,493,68
3,2860,BERGEN,LYNDHURST TWP,2329.5,2365,2287.5,2320,2386.5,2398.5,69
80,6024,CHARTERS,Camdens Pride Charter School,174,214,240,241,239,243,69
80,6635,CHARTERS,Greater Brunswick CS,316,330,353,382,381,386,70
80,6665,CHARTERS,Gray CS,261,283,165,296,326,331,70
7,5080,CAMDEN,STRATFORD BORO,778,767,743,814,858,850,72
21,3105,MERCER,MERCER COUNTY VOCATIONAL,366.5,383.5,440.5,479,487.5,438.5,72
80,6212,CHARTERS,Camden Academy Charter HS,425,417,422,442,466,497,72
80,6089,CHARTERS,Compass Academy CS,,,,103,145,175,72
35,5550,SOMERSET,WATCHUNG HILLS REGIONAL,2072,2067.5,2141,2178,2197.5,2144.5,72.5
80,6915,CHARTERS,Jersey City Golden Door Charter School,480,478,486,487,532,553,73
80,8050,CHARTERS,Unity CS,145,169,183,195,202,219,74
23,4090,MIDDLESEX,PERTH AMBOY CITY,10473.5,10258,10278,9988,10474.5,10548,74.5
5,610,BURLINGTON,BURLINGTON CO VOCATIONAL,1987,2024,2100,2061,2056,2063,76
31,3980,PASSAIC,PASSAIC CO MANCHESTER REG,789,812,902,911,896,865,76
15,1774,GLOUCESTER,GLOUCESTER CO SPEC SERV,603.5,626,594,675,661,680,76.5
5,3430,BURLINGTON,MOUNT HOLLY TWP,911,905,1021,1014,987,988,77
80,6086,CHARTERS,Hope Community CS,,,,102,170,180,78
80,6067,CHARTERS,Kingdom CS of Leadership,,118,150,181,201,197,79
23,3145,MIDDLESEX,MIDDLESEX CO REG SER COMM,624,468.5,689.5,654.5,704,704,80
13,3310,ESSEX,MONTCLAIR TOWN,6581,6625,6674,6678,6613,6663,82
3,290,BERGEN,BERGEN COUNTY VOCATIONAL,2068,2408,2119.5,2145.5,2107,2153,85
15,1715,GLOUCESTER,GATEWAY REGIONAL,858,894,894,898,959.5,945,87
29,320,OCEAN,BERKELEY TWP,2017,2020,2054,2107,2092,2105,88
80,7600,CHARTERS,Queen City Academy CS,234,237,252,250,248,322,88
3,285,BERGEN,BERGEN CO SPECIAL SERVICE,646,758,724,707.5,729.5,734.5,88.5
21,1431,MERCER,Katzenbach,,,,,,93,93
23,3620,MIDDLESEX,NORTH BRUNSWICK TWP,5968.5,6034,6095.5,6164.5,6162,6062.5,94
41,1870,WARREN,HACKETTSTOWN,1828,1809,1842,1892,1891,1922,94
15,3280,GLOUCESTER,MONROE TWP,6017,5921,6099,6075,6046,6112,95
9,3780,CAPE MAY,OCEAN CITY,2046,2072,2084.5,2096,2150.5,2142,96
33,3860,SALEM,OLDMANS TWP,191,228,228,254,265,289,98
80,6182,CHARTERS,International Academy of Trenton Charter School,,,,,351,450,99
31,5200,PASSAIC,TOTOWA BORO,980,989,1015,1055,1076,1081,101
80,6183,CHARTERS,Trenton Stem-to-Civics CS,,,,,101,202,101
39,5245,UNION,UNION CO ED SERV COMM,231,265,298,313,338,333,102
1,1960,ATLANTIC,HAMMONTON TOWN,3542,3485.5,3601,3630.5,3600,3645,103
7,150,CAMDEN,AUDUBON BORO,1431,1441,1489,1546,1541,1537,106
80,6025,CHARTERS,Paul Robeson Humanities  Charter School,269,275,298,366,373,375,106
13,5630,ESSEX,WEST ESSEX REGIONAL,1591,1612.5,1625,1648.5,1646,1697.5,106.5
3,2620,BERGEN,LEONIA BORO,1738,1822,1830,1810.5,1832.5,1845.5,107.5
13,3750,ESSEX,NUTLEY TOWN,3918.5,3930.5,4028.5,4014.5,3992.5,4026,107.5
27,450,MORRIS,BOONTON TOWN,1249,1260,1274.5,1195,1160.5,1359,110
15,860,GLOUCESTER,CLAYTON BORO,1338,1258,1367,1407,1447,1449,111
35,3000,SOMERSET,MANVILLE BORO,1310,1289.5,1292.5,1373.5,1413,1422.5,112.5
25,4365,MONMOUTH,RED BANK REGIONAL,1077.5,1127,1181,1173.5,1220.5,1191.5,114
31,3995,PASSAIC,PASSAIC COUNTY VOCATIONAL,3245,3212,3242,3267,3355.5,3359,114
33,4150,SALEM,PITTSGROVE TWP,1580.5,1773.5,1766,1711,1682,1695,114.5
21,1245,MERCER,EAST WINDSOR REGIONAL,5020,5030,5045,5116,5109,5139.5,119.5
3,1550,BERGEN,FORT LEE BORO,3602,3659,3723,3766,3735,3723.5,121.5
80,7500,CHARTERS,Pace CS of Hamilton,116,114,116,144,221,238,122
80,7735,CHARTERS,Maria L. Varisco-Rogers CS,380,474,493,526,520,502,122
80,6033,CHARTERS,The Barack Obama Green Charter High School,104,163,163,204,233,227,123
17,5580,HUDSON,WEEHAWKEN TWP,1254.5,1232,1260.5,1298,1326,1380,125.5
17,220,HUDSON,BAYONNE CITY,9242,9418,9321,9555,9611,9368,126
80,7730,CHARTERS,Robert Treat Academy CS,525,551,571,600,625,651,126
17,2210,HUDSON,HOBOKEN CITY,1816,1730,1706,1970,1888,1943,127
80,6083,CHARTERS,Knowledge A to Z Charter School,,,193,241,320,321,128
80,8010,CHARTERS,Union County TEAMS CS,251,279,314,320,338,381,130
5,840,BURLINGTON,CINNAMINSON TWP,2310,1652,2328,2354,2412.5,2441,131
5,475,BURLINGTON,BORDENTOWN REGIONAL,2419,2194,2495,2560,2561,2551,132
80,6081,CHARTERS,Thomas Edison EnergySmart Charter School,,,210,254,296,342,132
23,3120,MIDDLESEX,METUCHEN BORO,2096.5,2109,2116.5,2120.5,2145,2230.5,134
27,1990,MORRIS,HANOVER PARK REGIONAL,1421,1473,1575,1564,1587,1555,134
80,6018,CHARTERS,Central Jersey College Prep Charter School,285,318,313,306,316,420,135
3,5430,BERGEN,WALLINGTON BORO,1156,1037,1193.5,1165.5,1280.5,1293.5,137.5
41,4100,WARREN,PHILLIPSBURG TOWN,3625,3656,3667,3681,3721.5,3763,138
31,3970,PASSAIC,PASSAIC CITY,13289,13140,14173,13926,13187,13428,139
33,4635,SALEM,SALEM CO SPECIAL SERVICE,100,99,85,175.5,210,239,139
23,4660,MIDDLESEX,SAYREVILLE BORO,5927,5681.5,5964,6002.5,6023,6067.5,140.5
5,3690,BURLINGTON,NORTHERN BURLINGTON REG,1906,1966,1987,2085,2113,2047,141
3,3600,BERGEN,NORTH ARLINGTON BORO,1623,1645,1694,1761,1730,1767.5,144.5
21,4255,MERCER,PRINCETON REGIONAL,3396,3343,3405,3406.5,3540,3541.5,145.5
3,3910,BERGEN,PALISADES PARK,1511,1371,1583,1617,1603,1659,148
39,5090,UNION,SUMMIT CITY,3941.5,4049,4110,4112.5,4060.5,4091.5,150
35,4810,SOMERSET,SOMERSET CO VOCATIONAL,378,460.5,558.5,551.5,443.5,529,151
17,2060,HUDSON,HARRISON TOWN,1975,2031,2076,2036,2097,2128,153
80,6069,CHARTERS,Millville Public Charter School,,96,135,180,216,249,153
80,6068,CHARTERS,M E T S Charter School,,320,396,480,534,475,155
41,5460,WARREN,WARREN COUNTY VOCATIONAL,318,452,466,444,484,478,160
23,2150,MIDDLESEX,HIGHLAND PARK BORO,1451,1462.5,1538.5,1592,1616,1612,161
3,2090,BERGEN,HAWORTH BORO,256,436,427,436,407,419,163
13,1390,ESSEX,ESSEX CO VOC-TECH,2062,2389,2161,2196.5,2240,2225,163
27,785,MORRIS,SCH DIST OF THE CHATHAMS,3988,4056.5,4110,4124,4110,4154,166
3,2080,BERGEN,HASBROUCK HEIGHTS BORO,1697,1758,1892,1870,1871.5,1864.5,167.5
80,6022,CHARTERS,Burch Charter School of Excellence,182,260,347,342,357,353,171
80,7115,CHARTERS,Learning Community CS,413,492,541,570,581,584,171
80,6096,CHARTERS,Paterson Arts and Science Charter School,,,,305,420,480,175
3,300,BERGEN,BERGENFIELD BORO,3329,3486.5,3510.5,3505,3440,3505.5,176.5
80,6028,CHARTERS,Vineland Public Charter School,156,189,223,264,300,336,180
17,5670,HUDSON,WEST NEW YORK TOWN,7578,7803,7854,8269,8372,7759,181
37,5110,SUSSEX,SUSSEX COUNTY VOCATIONAL,588.5,655.5,717.5,772,765.5,774.5,186
39,3560,UNION,NEW PROVIDENCE BORO,2199,1879,2265,2338,2345.5,2386,187
80,6103,CHARTERS,Empowerment Academy Charter School,,,,,,190,190
3,1380,BERGEN,ENGLEWOOD CLIFFS BORO,357,364,491,509,547,548,191
3,1470,BERGEN,FAIRVIEW BORO,1141,1195,1214,1269,1311,1333,192
13,2730,ESSEX,LIVINGSTON TWP,5709,5714,5783.5,5841.5,5870.5,5902,193
15,1775,GLOUCESTER,GLOUCESTER CO VOCATIONAL,1138,1217.5,1275,1319,1339,1331.5,193.5
27,2870,MORRIS,MADISON BORO,2371,2402.5,2396.5,2506.5,2529.5,2566.5,195.5
80,6030,CHARTERS,The Ethical Community Charter School,147,199,240,276,307,343,196
80,6036,CHARTERS,HOLA Hoboken Dual Lang CS,129,159,208,246,291,326,197
21,5510,MERCER,ROBBINSVILLE TWP,2785,2854,2860.5,2949,2952,2986.5,201.5
80,6090,CHARTERS,Paulo Freire Charter School,,,61,125,197,269,208
5,830,BURLINGTON,CHESTERFIELD TWP,548,575,640,689,728,758,210
11,540,CUMBERLAND,BRIDGETON CITY,5534.5,4982,5703,5510.5,5683.5,5747,212.5
7,1900,CAMDEN,HADDONFIELD BORO,2445,2488,2482,2549,2593,2660,215
7,1801,CAMDEN,"Camden Prep, Inc.",,,,,70,285,215
80,6093,CHARTERS,Jersey City Global CS,,,,103,233,319,216
3,1345,BERGEN,ELMWOOD PARK,2308,2480,2487,2521,2417.5,2525,217
39,5000,UNION,SPRINGFIELD TWP,2053,2172,2225,2303.5,2283,2270,217
27,3365,MORRIS,MORRIS COUNTY VOCATIONAL,777,876,858,928.5,998,1005.5,228.5
3,1370,BERGEN,ENGLEWOOD CITY,2864.5,2911.5,3003,3026.5,3092,3102,237.5
80,6041,CHARTERS,Hatikvah International CS,96,146,110,263,298,336,240
3,2710,BERGEN,LITTLE FERRY BORO,734,980,993,1001,980,975,241
19,2308,HUNTERDON,HUNTERDON CO VOCATIONAL,1,196.5,189.5,236.5,249.5,244.5,243.5
27,1110,MORRIS,DOVER TOWN,2967.5,2974.5,3031,3066.5,3185,3214,246.5
80,6032,CHARTERS,Academy for Urban Leadership Charter School,,138,298,398,386,393,255
3,4380,BERGEN,RIDGEFIELD PARK TWP,2121,2247,2318,2318,2348.5,2380,259
3,4370,BERGEN,RIDGEFIELD BORO,1437,1664.5,1759,1766.5,1729,1699,262
25,4360,MONMOUTH,RED BANK BORO,993,1018,1134,1159,1224,1255,262
80,6058,CHARTERS,Roseville Community CS,,85,190,259,320,349,264
15,1180,GLOUCESTER,EAST GREENWICH TWP,1009,1096,1195,1218,1243,1276,267
80,6059,CHARTERS,Newark Prep Charter School,,,179,302,411,448,269
80,6104,CHARTERS,International Academy of Atlantic City Charter School,,,,,,273,273
80,6057,CHARTERS,Peoples Preparatory Charter School,,98,190,273,370,377,279
3,1700,BERGEN,GARFIELD CITY,4490,4480.5,4609,4737,4877.5,4777.5,287.5
25,1640,MONMOUTH,FREEHOLD BORO,1413,1475,1481,1563,1628,1702,289
3,1270,BERGEN,EDGEWATER BORO,615,657,695,603,913,917,302
80,7503,CHARTERS,Paterson CS for Sci/Tech,733,1022,1039,1026,1046,1044,311
80,6101,CHARTERS,College Achieve Central Charter School,,,,,,311,311
23,3150,MIDDLESEX,MIDDLESEX CO VOCATIONAL,1764,1808.5,1886.5,1968.5,2003.5,2090,326
15,2440,GLOUCESTER,KINGSWAY REGIONAL,2223.5,2054.5,2346.5,2445.5,2531,2561.5,338
3,890,BERGEN,CLIFFSIDE PARK BORO,2656,2790.5,2845.5,2901,2967.5,2996.5,340.5
27,3385,MORRIS,MORRIS SCHOOL DISTRICT,4880,4152.5,5024,5097.5,5225.5,5229,349
25,2770,MONMOUTH,LONG BRANCH CITY,5351,5331,5397,5452.5,5648.5,5705.5,354.5
80,6053,CHARTERS,Great Oaks Charter School,,133,206,277,352,489,356
80,6082,CHARTERS,Beloved Community Charter School,,,355,479,598,720,365
80,6080,CHARTERS,Passaic Arts and Science Charter School,,357,415,479,536,730,373
13,410,ESSEX,BLOOMFIELD TWP,5948,6059,6132.5,6173,6175,6337,389
7,1799,CAMDEN,"KIPP: Cooper Norcross, A New Jersey Nonprofit Corporation",,,,,104,498,394
39,5260,UNION,UNION COUNTY VOCATIONAL,1286.5,1513.5,1576,1594.5,1639,1683.5,397
80,6021,CHARTERS,Community Charter School of Paterso,485,455,584,699,810,895,410
1,4180,ATLANTIC,PLEASANTVILLE CITY,3191,3223,3878,3769,3866,3608,417
3,3170,BERGEN,MIDLAND PARK BORO,550,818,1061,1004.5,991,971,421
31,4010,PASSAIC,PATERSON CITY,24394,24257,24572,24797,25038,24817,423
80,8065,CHARTERS,University Heights CS,221,288,335,457,547,658,437
29,3790,OCEAN,OCEAN COUNTY VOCATIONAL,865,1195,1293.5,1342.5,1381,1313.5,448.5
1,110,ATLANTIC,ATLANTIC CITY,6677,6669.5,7043,7309.5,7260,7130,453
80,6013,CHARTERS,Bergen Arts and Sciences Charter School,502,558,575,877,959,969,467
13,4900,ESSEX,SOUTH ORANGE-MAPLEWOOD,6393,6512.5,6588,6752,6858.5,6872,479
7,2670,CAMDEN,LINDENWOLD BORO,2247,2293,2411,2467,2630,2743,496
80,6037,CHARTERS,Newark Legacy CS,119,90,242,295,610,642,523
27,3380,MORRIS,MORRIS PLAINS BORO,78,627,614,622,613,604,526
80,6063,CHARTERS,Camden Community Charter School,,,,149,398,679,530
80,7109,CHARTERS,LEAP Academy University CS,838,853,1204,1309,1378,1436,598
80,6240,CHARTERS,Freedom Prep Charter School,233,256,118,246,667,848,615
23,5850,MIDDLESEX,WOODBRIDGE TWP,13032,13109,13276.5,13448,13600,13654,622
25,3260,MONMOUTH,MONMOUTH CO VOCATIONAL,1613,2759,2209,2173,2257,2250,637
13,3880,ESSEX,CITY OF ORANGE TWP,4408,4618,4694,4826.5,5183.5,5112.5,704.5
80,6017,CHARTERS,Foundation Academy CS,195,304,365,544,788,908,713
3,1860,BERGEN,HACKENSACK CITY,4880.5,5164.5,5395.5,5423.5,5626.5,5624.5,744
29,2520,OCEAN,LAKEWOOD TWP,5269,5229,5186,5649,5807,6032,763
17,2410,HUDSON,KEARNY TOWN,5107,5920.5,5973,5912,5913,5910,803
23,3290,MIDDLESEX,MONROE TWP,5649,5831,6042.5,6106.5,6293.5,6456,807
1,120,ATLANTIC,ATLANTIC CO VOCATIONAL,686,842.5,995.5,1210,1398.5,1499,813
23,1290,MIDDLESEX,EDISON TWP,14191,14214.5,14307.5,14504,14659,15019.5,828.5
80,7210,CHARTERS,Marion P. Thomas CS,555,635,687,735,1175,1406,851
7,1802,CAMDEN,"Mastery Schools of Camden, Inc.",,,,,368,1406,1038
17,2295,HUDSON,HUDSON COUNTY VOCATIONAL,1208.5,1274.5,2327.5,2132,1866,2357,1148.5
17,5240,HUDSON,UNION CITY,10600,10800,11107,11457,11800,11815,1215
39,4160,UNION,PLAINFIELD CITY,6414.5,6387.5,6729.5,7145,7559.5,7734.5,1320
23,3530,MIDDLESEX,NEW BRUNSWICK CITY,7422,7653.5,7893,8158,8614.5,8975,1553
80,7325,CHARTERS,TEAM Academy Charter School,1277,1504.5,1786,2231,2729,3247,1970
13,3570,ESSEX,NEWARK CITY,33279,35543,36427,34980.5,32098,35329.5,2050.5
21,5210,MERCER,TRENTON CITY,8730,11587,12127.5,10969.5,11183,11035,2305
21,5210,MERCER,TRENTON PUBLIC SCHOOL DISTRICT,8730,11587,12127.5,10969.5,11183,11035,2305
80,7320,CHARTERS,North Star Academy Charter School,1262,1687,2222,2685,3403,3989,2727
39,1320,UNION,ELIZABETH CITY,22743,23386,23988,24875,25608,25929,3186